<?xml version="1.0" encoding="UTF-8"?>
<configuration>
    <appender name="STDOUT" class="ch.qos.logback.core.ConsoleAppender">
        <encoder>
            <pattern>%d{yyyy-MM-dd HH:mm:ss} [%thread] %-5level %logger{36}.%M\(%line\) -- %msg%n</pattern>
        </encoder>
    </appender>

    <logger name="tqs" level="DEBUG"/>
    <logger name="io" level="WARN"/>
    <logger name="org" level="WARN"/>
    <logger name="com" level="WARN"/>

    <root level="INFO">
        <appender-ref ref="STDOUT"/>
    </root>

</configuration>